Lab.Sample.Name	Date	Compound.Name	DTXSID	Lab.Compound.Name	Sample.Type	Dilution.Factor	Calibration	ISTD.Name	ISTD.Conc	ISTD.Area	Hep.Density	Conc	Time	Area	Analysis.Method	Analysis.Instrument	Analysis.Parameters	Response
20220128_PFAS_Clint_Hep12HLB_Sample003	44589	Phenacetin	DTXSID1021116	Phenacetin	Blank	1	1	propranolol-d7	0.01	18189.299	0.5	1	NA	95.67	LCMS	Unknown	RT	5.25968592852314e-05
20220128_PFAS_Clint_Hep12HLB_Sample004	44589	Phenacetin	DTXSID1021116	Phenacetin	Blank	1	1	propranolol-d7	0.01	17998.576	0.5	1	NA	254.218	LCMS	Unknown	RT	0.000141243396144228
20220128_PFAS_Clint_Hep12HLB_Sample050	44590	Phenacetin	DTXSID1021116	Phenacetin	Cvst	1	1	propranolol-d7	0.01	18281.525	0.5	1	0	15250.988	LCMS	Unknown	RT	0.00834229529538701
20220128_PFAS_Clint_Hep12HLB_Sample051	44590	Phenacetin	DTXSID1021116	Phenacetin	Cvst	1	1	propranolol-d7	0.01	17977.395	0.5	1	0	6759.1	LCMS	Unknown	RT	0.00375977720910065
20220128_PFAS_Clint_Hep12HLB_Sample052	44590	Phenacetin	DTXSID1021116	Phenacetin	Cvst	1	1	propranolol-d7	0.01	19169.885	0.5	1	0	10727.481	LCMS	Unknown	RT	0.00559600696613464
20220128_PFAS_Clint_Hep12HLB_Sample057	44590	Phenacetin	DTXSID1021116	Phenacetin	Cvst	1	1	propranolol-d7	0.01	18237.949	0.5	1	0	8238.007	LCMS	Unknown	RT	0.00451695911640064
20220128_PFAS_Clint_Hep12HLB_Sample058	44590	Phenacetin	DTXSID1021116	Phenacetin	Cvst	1	1	propranolol-d7	0.01	17876.898	0.5	1	0	8888.774	LCMS	Unknown	RT	0.0049722127407115
20220128_PFAS_Clint_Hep12HLB_Sample059	44590	Phenacetin	DTXSID1021116	Phenacetin	Cvst	1	1	propranolol-d7	0.01	18467.248	0.5	1	0	10360.284	LCMS	Unknown	RT	0.00561008548756155
20220128_PFAS_Clint_Hep12HLB_Sample060	44590	Phenacetin	DTXSID1021116	Phenacetin	Cvst	1	1	propranolol-d7	0.01	17990.738	0.5	1	0.25	5619.889	LCMS	Unknown	RT	0.00312376790768672
20220128_PFAS_Clint_Hep12HLB_Sample061	44590	Phenacetin	DTXSID1021116	Phenacetin	Cvst	1	1	propranolol-d7	0.01	17391.65	0.5	1	0.25	5473.678	LCMS	Unknown	RT	0.00314730229736684
20220128_PFAS_Clint_Hep12HLB_Sample062	44590	Phenacetin	DTXSID1021116	Phenacetin	Cvst	1	1	propranolol-d7	0.01	18652.717	0.5	1	0.25	4859.243	LCMS	Unknown	RT	0.00260511270288398
20220128_PFAS_Clint_Hep12HLB_Sample064	44590	Phenacetin	DTXSID1021116	Phenacetin	Cvst	1	1	propranolol-d7	0.01	17591.689	0.5	1	0.5	3734.05	LCMS	Unknown	RT	0.00212262165389577
20220128_PFAS_Clint_Hep12HLB_Sample065	44590	Phenacetin	DTXSID1021116	Phenacetin	Cvst	1	1	propranolol-d7	0.01	18454.771	0.5	1	0.5	3649.798	LCMS	Unknown	RT	0.00197769888339443
20220128_PFAS_Clint_Hep12HLB_Sample066	44590	Phenacetin	DTXSID1021116	Phenacetin	Cvst	1	1	propranolol-d7	0.01	18145.635	0.5	1	0.5	3580.712	LCMS	Unknown	RT	0.00197331865211661
20220128_PFAS_Clint_Hep12HLB_Sample067	44590	Phenacetin	DTXSID1021116	Phenacetin	Cvst	1	1	propranolol-d7	0.01	18080.875	0.5	1	1	5707.809	LCMS	Unknown	RT	0.00315682122684881
20220128_PFAS_Clint_Hep12HLB_Sample068	44590	Phenacetin	DTXSID1021116	Phenacetin	Cvst	1	1	propranolol-d7	0.01	18376.918	0.5	1	1	8573.404	LCMS	Unknown	RT	0.00466531112561965
20220128_PFAS_Clint_Hep12HLB_Sample069	44590	Phenacetin	DTXSID1021116	Phenacetin	Cvst	1	1	propranolol-d7	0.01	18386.584	0.5	1	1	8004.642	LCMS	Unknown	RT	0.00435352319930662
20220128_PFAS_Clint_Hep12HLB_Sample071	44590	Phenacetin	DTXSID1021116	Phenacetin	Cvst	1	1	propranolol-d7	0.01	18234.189	0.5	1	2	3814.935	LCMS	Unknown	RT	0.00209218792236935
20220128_PFAS_Clint_Hep12HLB_Sample072	44590	Phenacetin	DTXSID1021116	Phenacetin	Cvst	1	1	propranolol-d7	0.01	18643.475	0.5	1	2	1964.532	LCMS	Unknown	RT	0.00105373703132061
20220128_PFAS_Clint_Hep12HLB_Sample073	44590	Phenacetin	DTXSID1021116	Phenacetin	Cvst	1	1	propranolol-d7	0.01	19702.66	0.5	1	2	2514.581	LCMS	Unknown	RT	0.00127626472770682
20220128_PFAS_Clint_Hep12HLB_Sample074	44590	Phenacetin	DTXSID1021116	Phenacetin	Cvst	1	1	propranolol-d7	0.01	17977.953	0.5	1	4	2163.156	LCMS	Unknown	RT	0.00120322708597581
20220128_PFAS_Clint_Hep12HLB_Sample075	44590	Phenacetin	DTXSID1021116	Phenacetin	Cvst	1	1	propranolol-d7	0.01	20397.18	0.5	1	4	930.202	LCMS	Unknown	RT	0.000456044413982717
20220128_PFAS_Clint_Hep12HLB_Sample076	44590	Phenacetin	DTXSID1021116	Phenacetin	Cvst	1	1	propranolol-d7	0.01	18768.371	0.5	1	4	861.381	LCMS	Unknown	RT	0.000458953523457097
20220128_PFAS_Clint_Hep12HLB_Sample081	44590	Phenacetin	DTXSID1021116	Phenacetin	Cvst	1	1	propranolol-d7	0.01	18284.061	0.5	1	4	14453.021	LCMS	Unknown	RT	0.00790471055636929
20220128_PFAS_Clint_Hep12HLB_Sample082	44590	Phenacetin	DTXSID1021116	Phenacetin	Cvst	1	1	propranolol-d7	0.01	18430.256	0.5	1	4	10449.854	LCMS	Unknown	RT	0.00566994511633479
20220128_PFAS_Clint_Hep12HLB_Sample083	44590	Phenacetin	DTXSID1021116	Phenacetin	Cvst	1	1	propranolol-d7	0.01	19381.137	0.5	1	4	12500.477	LCMS	Unknown	RT	0.00644981612791861
20220128_PFAS_Clint_Hep12HLB_Sample003	44589	propranolol	DTXSID6023525	propranolol	Blank	1	1	propranolol-d7	0.01	18189.299	0.5	1	NA	720.415	LCMS	Unknown	RT	0.000396065290916379
20220128_PFAS_Clint_Hep12HLB_Sample004	44589	propranolol	DTXSID6023525	propranolol	Blank	1	1	propranolol-d7	0.01	17998.576	0.5	1	NA	862.588	LCMS	Unknown	RT	0.000479253469830058
20220128_PFAS_Clint_Hep12HLB_Sample050	44590	propranolol	DTXSID6023525	propranolol	Cvst	1	1	propranolol-d7	0.01	18281.525	0.5	1	0	13711.997	LCMS	Unknown	RT	0.00750046672802187
20220128_PFAS_Clint_Hep12HLB_Sample051	44590	propranolol	DTXSID6023525	propranolol	Cvst	1	1	propranolol-d7	0.01	17977.395	0.5	1	0	17820.326	LCMS	Unknown	RT	0.00991262972193691
20220128_PFAS_Clint_Hep12HLB_Sample052	44590	propranolol	DTXSID6023525	propranolol	Cvst	1	1	propranolol-d7	0.01	19169.885	0.5	1	0	11319.325	LCMS	Unknown	RT	0.00590474329919037
20220128_PFAS_Clint_Hep12HLB_Sample057	44590	propranolol	DTXSID6023525	propranolol	Cvst	1	1	propranolol-d7	0.01	18237.949	0.5	1	0	10771.835	LCMS	Unknown	RT	0.00590627542603612
20220128_PFAS_Clint_Hep12HLB_Sample058	44590	propranolol	DTXSID6023525	propranolol	Cvst	1	1	propranolol-d7	0.01	17876.898	0.5	1	0	11100.28	LCMS	Unknown	RT	0.00620928753970627
20220128_PFAS_Clint_Hep12HLB_Sample059	44590	propranolol	DTXSID6023525	propranolol	Cvst	1	1	propranolol-d7	0.01	18467.248	0.5	1	0	11101.413	LCMS	Unknown	RT	0.00601140624742788
20220128_PFAS_Clint_Hep12HLB_Sample060	44590	propranolol	DTXSID6023525	propranolol	Cvst	1	1	propranolol-d7	0.01	17990.738	0.5	1	0.25	9537.238	LCMS	Unknown	RT	0.00530119331402636
20220128_PFAS_Clint_Hep12HLB_Sample061	44590	propranolol	DTXSID6023525	propranolol	Cvst	1	1	propranolol-d7	0.01	17391.65	0.5	1	0.25	7796.292	LCMS	Unknown	RT	0.00448277880477126
20220128_PFAS_Clint_Hep12HLB_Sample062	44590	propranolol	DTXSID6023525	propranolol	Cvst	1	1	propranolol-d7	0.01	18652.717	0.5	1	0.25	6650.942	LCMS	Unknown	RT	0.0035656692802448
20220128_PFAS_Clint_Hep12HLB_Sample064	44590	propranolol	DTXSID6023525	propranolol	Cvst	1	1	propranolol-d7	0.01	17591.689	0.5	1	0.5	7186.075	LCMS	Unknown	RT	0.00408492612619516
20220128_PFAS_Clint_Hep12HLB_Sample065	44590	propranolol	DTXSID6023525	propranolol	Cvst	1	1	propranolol-d7	0.01	18454.771	0.5	1	0.5	6651.037	LCMS	Unknown	RT	0.00360396615054178
20220128_PFAS_Clint_Hep12HLB_Sample066	44590	propranolol	DTXSID6023525	propranolol	Cvst	1	1	propranolol-d7	0.01	18145.635	0.5	1	0.5	7712.302	LCMS	Unknown	RT	0.00425022436525368
20220128_PFAS_Clint_Hep12HLB_Sample067	44590	propranolol	DTXSID6023525	propranolol	Cvst	1	1	propranolol-d7	0.01	18080.875	0.5	1	1	9179.978	LCMS	Unknown	RT	0.00507717574508977
20220128_PFAS_Clint_Hep12HLB_Sample068	44590	propranolol	DTXSID6023525	propranolol	Cvst	1	1	propranolol-d7	0.01	18376.918	0.5	1	1	9995.495	LCMS	Unknown	RT	0.00543915742563579
20220128_PFAS_Clint_Hep12HLB_Sample069	44590	propranolol	DTXSID6023525	propranolol	Cvst	1	1	propranolol-d7	0.01	18386.584	0.5	1	1	9838.96	LCMS	Unknown	RT	0.00535116256505287
20220128_PFAS_Clint_Hep12HLB_Sample071	44590	propranolol	DTXSID6023525	propranolol	Cvst	1	1	propranolol-d7	0.01	18234.189	0.5	1	2	6362.745	LCMS	Unknown	RT	0.0034894587305199
20220128_PFAS_Clint_Hep12HLB_Sample072	44590	propranolol	DTXSID6023525	propranolol	Cvst	1	1	propranolol-d7	0.01	18643.475	0.5	1	2	5944.033	LCMS	Unknown	RT	0.0031882645268653
20220128_PFAS_Clint_Hep12HLB_Sample073	44590	propranolol	DTXSID6023525	propranolol	Cvst	1	1	propranolol-d7	0.01	19702.66	0.5	1	2	7247.503	LCMS	Unknown	RT	0.00367843885038873
20220128_PFAS_Clint_Hep12HLB_Sample074	44590	propranolol	DTXSID6023525	propranolol	Cvst	1	1	propranolol-d7	0.01	17977.953	0.5	1	4	4445.437	LCMS	Unknown	RT	0.00247271588706456
20220128_PFAS_Clint_Hep12HLB_Sample075	44590	propranolol	DTXSID6023525	propranolol	Cvst	1	1	propranolol-d7	0.01	20397.18	0.5	1	4	4565.878	LCMS	Unknown	RT	0.00223848492781845
20220128_PFAS_Clint_Hep12HLB_Sample076	44590	propranolol	DTXSID6023525	propranolol	Cvst	1	1	propranolol-d7	0.01	18768.371	0.5	1	4	4282.9	LCMS	Unknown	RT	0.00228197748222262
20220128_PFAS_Clint_Hep12HLB_Sample081	44590	propranolol	DTXSID6023525	propranolol	Cvst	1	1	propranolol-d7	0.01	18284.061	0.5	1	4	21647.076	LCMS	Unknown	RT	0.0118393151280779
20220128_PFAS_Clint_Hep12HLB_Sample082	44590	propranolol	DTXSID6023525	propranolol	Cvst	1	1	propranolol-d7	0.01	18430.256	0.5	1	4	20634.072	LCMS	Unknown	RT	0.01119575984186
20220128_PFAS_Clint_Hep12HLB_Sample083	44590	propranolol	DTXSID6023525	propranolol	Cvst	1	1	propranolol-d7	0.01	19381.137	0.5	1	4	19595.436	LCMS	Unknown	RT	0.0101105709123257
20220128_PFAS_Clint_Hep12WAX_Sample003	44590	TFMFPA	DTXSID80380256	TFMFPA	Blank	1	1	M5PFPeA	0.01	24443.541	0.5	1	NA	3.475	LCMS	Unknown	RT	1.42164345174048e-06
20220128_PFAS_Clint_Hep12WAX_Sample050	44591	TFMFPA	DTXSID80380256	TFMFPA	Cvst	1	1	M5PFPeA	0.01	27984.488	0.5	1	0	452.503	LCMS	Unknown	RT	0.000161697794864069
20220128_PFAS_Clint_Hep12WAX_Sample051	44591	TFMFPA	DTXSID80380256	TFMFPA	Cvst	1	1	M5PFPeA	0.01	28183.092	0.5	1	0	270.475	LCMS	Unknown	RT	9.59706621260719e-05
20220128_PFAS_Clint_Hep12WAX_Sample052	44591	TFMFPA	DTXSID80380256	TFMFPA	Cvst	1	1	M5PFPeA	0.01	27929.1	0.5	1	0	380.314	LCMS	Unknown	RT	0.000136171233587907
20220128_PFAS_Clint_Hep12WAX_Sample057	44591	TFMFPA	DTXSID80380256	TFMFPA	Cvst	1	1	M5PFPeA	0.01	29368.727	0.5	1	0	487.012	LCMS	Unknown	RT	0.000165826731270988
20220128_PFAS_Clint_Hep12WAX_Sample058	44591	TFMFPA	DTXSID80380256	TFMFPA	Cvst	1	1	M5PFPeA	0.01	28942.076	0.5	1	0	496.073	LCMS	Unknown	RT	0.000171402010000941
20220128_PFAS_Clint_Hep12WAX_Sample059	44591	TFMFPA	DTXSID80380256	TFMFPA	Cvst	1	1	M5PFPeA	0.01	28353.658	0.5	1	0	472.095	LCMS	Unknown	RT	0.000166502325731657
20220128_PFAS_Clint_Hep12WAX_Sample071	44591	TFMFPA	DTXSID80380256	TFMFPA	Cvst	1	1	M5PFPeA	0.01	28841.098	0.5	1	0.25	265.344	LCMS	Unknown	RT	9.20020451371165e-05
20220128_PFAS_Clint_Hep12WAX_Sample072	44591	TFMFPA	DTXSID80380256	TFMFPA	Cvst	1	1	M5PFPeA	0.01	29202.393	0.5	1	0.25	250.172	LCMS	Unknown	RT	8.56683217707535e-05
20220128_PFAS_Clint_Hep12WAX_Sample073	44591	TFMFPA	DTXSID80380256	TFMFPA	Cvst	1	1	M5PFPeA	0.01	29454.729	0.5	1	0.25	67.159	LCMS	Unknown	RT	2.28007529792584e-05
20220128_PFAS_Clint_Hep12WAX_Sample075	44591	TFMFPA	DTXSID80380256	TFMFPA	Cvst	1	1	M5PFPeA	0.01	29154.77	0.5	1	0.25	5.883	LCMS	Unknown	RT	2.01785162427966e-06
20220128_PFAS_Clint_Hep12WAX_Sample078	44591	TFMFPA	DTXSID80380256	TFMFPA	Cvst	1	1	M5PFPeA	0.01	30025.805	0.5	1	0.5	667.797	LCMS	Unknown	RT	0.000222407692316659
20220128_PFAS_Clint_Hep12WAX_Sample079	44591	TFMFPA	DTXSID80380256	TFMFPA	Cvst	1	1	M5PFPeA	0.01	30025.645	0.5	1	0.5	457.384	LCMS	Unknown	RT	0.000152331115617999
20220128_PFAS_Clint_Hep12WAX_Sample080	44591	TFMFPA	DTXSID80380256	TFMFPA	Cvst	1	1	M5PFPeA	0.01	28573.631	0.5	1	0.5	588.099	LCMS	Unknown	RT	0.000205818784459
20220128_PFAS_Clint_Hep12WAX_Sample085	44591	TFMFPA	DTXSID80380256	TFMFPA	Cvst	1	1	M5PFPeA	0.01	29838.619	0.5	1	1	315.119	LCMS	Unknown	RT	0.000105607769582098
20220128_PFAS_Clint_Hep12WAX_Sample086	44591	TFMFPA	DTXSID80380256	TFMFPA	Cvst	1	1	M5PFPeA	0.01	29281.686	0.5	1	1	253.589	LCMS	Unknown	RT	8.66032782401942e-05
20220128_PFAS_Clint_Hep12WAX_Sample087	44591	TFMFPA	DTXSID80380256	TFMFPA	Cvst	1	1	M5PFPeA	0.01	29333.451	0.5	1	1	570.98	LCMS	Unknown	RT	0.000194651491909356
20220128_PFAS_Clint_Hep12WAX_Sample092	44591	TFMFPA	DTXSID80380256	TFMFPA	Cvst	1	1	M5PFPeA	0.01	29183.402	0.5	1	2	457.639	LCMS	Unknown	RT	0.000156814822343194
20220128_PFAS_Clint_Hep12WAX_Sample093	44591	TFMFPA	DTXSID80380256	TFMFPA	Cvst	1	1	M5PFPeA	0.01	28794.861	0.5	1	2	433.67	LCMS	Unknown	RT	0.000150606735000388
20220128_PFAS_Clint_Hep12WAX_Sample094	44591	TFMFPA	DTXSID80380256	TFMFPA	Cvst	1	1	M5PFPeA	0.01	28839.695	0.5	1	2	913.939	LCMS	Unknown	RT	0.00031690314339316
20220128_PFAS_Clint_Hep12WAX_Sample099	44591	TFMFPA	DTXSID80380256	TFMFPA	Cvst	1	1	M5PFPeA	0.01	29630.219	0.5	1	4	639.602	LCMS	Unknown	RT	0.0002158613812473
20220128_PFAS_Clint_Hep12WAX_Sample100	44591	TFMFPA	DTXSID80380256	TFMFPA	Cvst	1	1	M5PFPeA	0.01	29371.928	0.5	1	4	492.401	LCMS	Unknown	RT	0.000167643404273632
20220128_PFAS_Clint_Hep12WAX_Sample101	44591	TFMFPA	DTXSID80380256	TFMFPA	Cvst	1	1	M5PFPeA	0.01	29172.045	0.5	1	4	486.344	LCMS	Unknown	RT	0.000166715771897376
20220128_PFAS_Clint_Hep12WAX_Sample106	44591	TFMFPA	DTXSID80380256	TFMFPA	Cvst	1	1	M5PFPeA	0.01	28212.615	0.5	1	4	407.353	LCMS	Unknown	RT	0.00014438682837447
20220128_PFAS_Clint_Hep12WAX_Sample107	44591	TFMFPA	DTXSID80380256	TFMFPA	Cvst	1	1	M5PFPeA	0.01	27345.496	0.5	1	4	443.266	LCMS	Unknown	RT	0.000162098357989191
20220128_PFAS_Clint_Hep12WAX_Sample108	44591	TFMFPA	DTXSID80380256	TFMFPA	Cvst	1	1	M5PFPeA	0.01	29410.814	0.5	1	4	456.445	LCMS	Unknown	RT	0.000155196316565737
20220128_PFAS_Clint_Hep12WAX_Sample109	44591	TFMFPA	DTXSID80380256	TFMFPA	Cvst	1	1	M5PFPeA	0.01	28306.459	0.5	1	4	3.547	LCMS	Unknown	RT	1.25307089805899e-06
20220128_PFAS_Clint_Hep12WAX_Sample110	44591	TFMFPA	DTXSID80380256	TFMFPA	Cvst	1	1	M5PFPeA	0.01	28958.123	0.5	1	4	4.965	LCMS	Unknown	RT	1.7145448273702e-06
20220128_PFAS_Clint_Hep12WAX_Sample111	44591	TFMFPA	DTXSID80380256	TFMFPA	Cvst	1	1	M5PFPeA	0.01	28379.059	0.5	1	4	6.977	LCMS	Unknown	RT	2.45850294049567e-06
20220128_PFAS_Clint_Hep12WAX_Sample116	44591	TFMFPA	DTXSID80380256	TFMFPA	Cvst	1	1	M5PFPeA	0.01	27695.969	0.5	1	4	0.799	LCMS	Unknown	RT	2.88489635441172e-07
20220128_PFAS_Clint_Hep12WAX_Sample117	44591	TFMFPA	DTXSID80380256	TFMFPA	Cvst	1	1	M5PFPeA	0.01	29058.846	0.5	1	4	2.699	LCMS	Unknown	RT	9.28804949790504e-07
20220128_PFAS_Clint_Hep12WAX_Sample118	44591	TFMFPA	DTXSID80380256	TFMFPA	Cvst	1	1	M5PFPeA	0.01	28284.033	0.5	1	4	19.01	LCMS	Unknown	RT	6.72110656920815e-06
20220128_PFAS_Clint_Hep12WAX_Sample003	44590	NaPFOA	DTXSID40880025	NaPFOA	Blank	1	1	M8PFOA	0.01	31638.617	0.5	1	NA	1701.03	LCMS	Unknown	RT	0.000537643601804719
20220128_PFAS_Clint_Hep12WAX_Sample004	44590	NaPFOA	DTXSID40880025	NaPFOA	Blank	1	1	M8PFOA	0.01	28787.061	0.5	1	NA	630.305	LCMS	Unknown	RT	0.000218954272546267
20220128_PFAS_Clint_Hep12WAX_Sample050	44591	NaPFOA	DTXSID40880025	NaPFOA	Cvst	1	1	M8PFOA	0.01	29971.398	0.5	1	0	12875.501	LCMS	Unknown	RT	0.00429592940576212
20220128_PFAS_Clint_Hep12WAX_Sample051	44591	NaPFOA	DTXSID40880025	NaPFOA	Cvst	1	1	M8PFOA	0.01	29795.438	0.5	1	0	3959.112	LCMS	Unknown	RT	0.00132876449072506
20220128_PFAS_Clint_Hep12WAX_Sample052	44591	NaPFOA	DTXSID40880025	NaPFOA	Cvst	1	1	M8PFOA	0.01	29965.064	0.5	1	0	5611.71	LCMS	Unknown	RT	0.00187275088082575
20220128_PFAS_Clint_Hep12WAX_Sample057	44591	NaPFOA	DTXSID40880025	NaPFOA	Cvst	1	1	M8PFOA	0.01	32721.211	0.5	1	0	3054.255	LCMS	Unknown	RT	0.000933417470398635
20220128_PFAS_Clint_Hep12WAX_Sample058	44591	NaPFOA	DTXSID40880025	NaPFOA	Cvst	1	1	M8PFOA	0.01	32268.426	0.5	1	0	2994.735	LCMS	Unknown	RT	0.000928069748428386
20220128_PFAS_Clint_Hep12WAX_Sample059	44591	NaPFOA	DTXSID40880025	NaPFOA	Cvst	1	1	M8PFOA	0.01	32890.758	0.5	1	0	3809.851	LCMS	Unknown	RT	0.00115833481247225
20220128_PFAS_Clint_Hep12WAX_Sample060	44591	NaPFOA	DTXSID40880025	NaPFOA	Cvst	1	1	M8PFOA	0.01	30664.369	0.5	1	0	168664.453	LCMS	Unknown	RT	0.0550033992220743
20220128_PFAS_Clint_Hep12WAX_Sample061	44591	NaPFOA	DTXSID40880025	NaPFOA	Cvst	1	1	M8PFOA	0.01	29452.494	0.5	1	0	169531.016	LCMS	Unknown	RT	0.0575608354253463
20220128_PFAS_Clint_Hep12WAX_Sample062	44591	NaPFOA	DTXSID40880025	NaPFOA	Cvst	1	1	M8PFOA	0.01	31486.408	0.5	1	0	123135.164	LCMS	Unknown	RT	0.039107402787895
20220128_PFAS_Clint_Hep12WAX_Sample067	44591	NaPFOA	DTXSID40880025	NaPFOA	Cvst	1	1	M8PFOA	0.01	30722.201	0.5	1	0	84109.625	LCMS	Unknown	RT	0.0273774737037883
20220128_PFAS_Clint_Hep12WAX_Sample068	44591	NaPFOA	DTXSID40880025	NaPFOA	Cvst	1	1	M8PFOA	0.01	33022.441	0.5	1	0	92711.141	LCMS	Unknown	RT	0.0280751931693965
20220128_PFAS_Clint_Hep12WAX_Sample069	44591	NaPFOA	DTXSID40880025	NaPFOA	Cvst	1	1	M8PFOA	0.01	31652.783	0.5	1	0	89568.453	LCMS	Unknown	RT	0.0282971810093286
20220128_PFAS_Clint_Hep12WAX_Sample071	44591	NaPFOA	DTXSID40880025	NaPFOA	Cvst	1	1	M8PFOA	0.01	32518.627	0.5	1	0.25	3922.389	LCMS	Unknown	RT	0.00120619760483738
20220128_PFAS_Clint_Hep12WAX_Sample072	44591	NaPFOA	DTXSID40880025	NaPFOA	Cvst	1	1	M8PFOA	0.01	30752.117	0.5	1	0.25	3369.586	LCMS	Unknown	RT	0.0010957248894442
20220128_PFAS_Clint_Hep12WAX_Sample073	44591	NaPFOA	DTXSID40880025	NaPFOA	Cvst	1	1	M8PFOA	0.01	33958.098	0.5	1	0.25	81067.43	LCMS	Unknown	RT	0.0238727828631627
20220128_PFAS_Clint_Hep12WAX_Sample074	44591	NaPFOA	DTXSID40880025	NaPFOA	Cvst	1	1	M8PFOA	0.01	31641.379	0.5	1	0.25	41986.961	LCMS	Unknown	RT	0.0132696368890875
20220128_PFAS_Clint_Hep12WAX_Sample075	44591	NaPFOA	DTXSID40880025	NaPFOA	Cvst	1	1	M8PFOA	0.01	32100.113	0.5	1	0.25	41576.758	LCMS	Unknown	RT	0.0129522154641636
20220128_PFAS_Clint_Hep12WAX_Sample076	44591	NaPFOA	DTXSID40880025	NaPFOA	Cvst	1	1	M8PFOA	0.01	31605.648	0.5	1	0.25	3634.387	LCMS	Unknown	RT	0.00114991693889649
20220128_PFAS_Clint_Hep12WAX_Sample078	44591	NaPFOA	DTXSID40880025	NaPFOA	Cvst	1	1	M8PFOA	0.01	32575.014	0.5	1	0.5	3755.933	LCMS	Unknown	RT	0.00115301040239
20220128_PFAS_Clint_Hep12WAX_Sample079	44591	NaPFOA	DTXSID40880025	NaPFOA	Cvst	1	1	M8PFOA	0.01	30619.773	0.5	1	0.5	3667.429	LCMS	Unknown	RT	0.00119773226274408
20220128_PFAS_Clint_Hep12WAX_Sample080	44591	NaPFOA	DTXSID40880025	NaPFOA	Cvst	1	1	M8PFOA	0.01	27389.725	0.5	1	0.5	4055.222	LCMS	Unknown	RT	0.00148056324041224
20220128_PFAS_Clint_Hep12WAX_Sample081	44591	NaPFOA	DTXSID40880025	NaPFOA	Cvst	1	1	M8PFOA	0.01	29628.002	0.5	1	0.5	50884.727	LCMS	Unknown	RT	0.0171745388028528
20220128_PFAS_Clint_Hep12WAX_Sample082	44591	NaPFOA	DTXSID40880025	NaPFOA	Cvst	1	1	M8PFOA	0.01	37381.566	0.5	1	0.5	48488.02	LCMS	Unknown	RT	0.0129711045278306
20220128_PFAS_Clint_Hep12WAX_Sample083	44591	NaPFOA	DTXSID40880025	NaPFOA	Cvst	1	1	M8PFOA	0.01	32321.053	0.5	1	0.5	48764.91	LCMS	Unknown	RT	0.0150876612838078
20220128_PFAS_Clint_Hep12WAX_Sample085	44591	NaPFOA	DTXSID40880025	NaPFOA	Cvst	1	1	M8PFOA	0.01	34522.762	0.5	1	1	5737.032	LCMS	Unknown	RT	0.00166181141590004
20220128_PFAS_Clint_Hep12WAX_Sample086	44591	NaPFOA	DTXSID40880025	NaPFOA	Cvst	1	1	M8PFOA	0.01	31719.066	0.5	1	1	5357.516	LCMS	Unknown	RT	0.00168905225645673
20220128_PFAS_Clint_Hep12WAX_Sample087	44591	NaPFOA	DTXSID40880025	NaPFOA	Cvst	1	1	M8PFOA	0.01	35017.859	0.5	1	1	5553.982	LCMS	Unknown	RT	0.00158604271037815
20220128_PFAS_Clint_Hep12WAX_Sample088	44591	NaPFOA	DTXSID40880025	NaPFOA	Cvst	1	1	M8PFOA	0.01	33431.945	0.5	1	1	148527.328	LCMS	Unknown	RT	0.0444267684694983
20220128_PFAS_Clint_Hep12WAX_Sample089	44591	NaPFOA	DTXSID40880025	NaPFOA	Cvst	1	1	M8PFOA	0.01	32080.09	0.5	1	1	128842.43	LCMS	Unknown	RT	0.040162739568374
20220128_PFAS_Clint_Hep12WAX_Sample090	44591	NaPFOA	DTXSID40880025	NaPFOA	Cvst	1	1	M8PFOA	0.01	29957.783	0.5	1	1	146017.516	LCMS	Unknown	RT	0.0487410954275221
20220128_PFAS_Clint_Hep12WAX_Sample092	44591	NaPFOA	DTXSID40880025	NaPFOA	Cvst	1	1	M8PFOA	0.01	26893.357	0.5	1	2	6057.571	LCMS	Unknown	RT	0.00225244137427693
20220128_PFAS_Clint_Hep12WAX_Sample093	44591	NaPFOA	DTXSID40880025	NaPFOA	Cvst	1	1	M8PFOA	0.01	29396.625	0.5	1	2	5040.772	LCMS	Unknown	RT	0.00171474514506342
20220128_PFAS_Clint_Hep12WAX_Sample094	44591	NaPFOA	DTXSID40880025	NaPFOA	Cvst	1	1	M8PFOA	0.01	30255.68	0.5	1	2	5175.73	LCMS	Unknown	RT	0.00171066391500703
20220128_PFAS_Clint_Hep12WAX_Sample095	44591	NaPFOA	DTXSID40880025	NaPFOA	Cvst	1	1	M8PFOA	0.01	38041.109	0.5	1	2	142578.688	LCMS	Unknown	RT	0.0374801607387419
20220128_PFAS_Clint_Hep12WAX_Sample096	44591	NaPFOA	DTXSID40880025	NaPFOA	Cvst	1	1	M8PFOA	0.01	38735.691	0.5	1	2	121346.383	LCMS	Unknown	RT	0.0313267634750597
20220128_PFAS_Clint_Hep12WAX_Sample097	44591	NaPFOA	DTXSID40880025	NaPFOA	Cvst	1	1	M8PFOA	0.01	28175.768	0.5	1	2	154870.484	LCMS	Unknown	RT	0.0549658429896214
20220128_PFAS_Clint_Hep12WAX_Sample099	44591	NaPFOA	DTXSID40880025	NaPFOA	Cvst	1	1	M8PFOA	0.01	33521.918	0.5	1	4	3559.087	LCMS	Unknown	RT	0.00106171938013809
20220128_PFAS_Clint_Hep12WAX_Sample100	44591	NaPFOA	DTXSID40880025	NaPFOA	Cvst	1	1	M8PFOA	0.01	30867.393	0.5	1	4	3447.682	LCMS	Unknown	RT	0.00111693332831833
20220128_PFAS_Clint_Hep12WAX_Sample101	44591	NaPFOA	DTXSID40880025	NaPFOA	Cvst	1	1	M8PFOA	0.01	37737.359	0.5	1	4	3214.067	LCMS	Unknown	RT	0.000851693675755105
20220128_PFAS_Clint_Hep12WAX_Sample106	44591	NaPFOA	DTXSID40880025	NaPFOA	Cvst	1	1	M8PFOA	0.01	31762.676	0.5	1	4	4309.542	LCMS	Unknown	RT	0.00135679437085213
20220128_PFAS_Clint_Hep12WAX_Sample107	44591	NaPFOA	DTXSID40880025	NaPFOA	Cvst	1	1	M8PFOA	0.01	25286.107	0.5	1	4	4311.891	LCMS	Unknown	RT	0.00170524114289321
20220128_PFAS_Clint_Hep12WAX_Sample108	44591	NaPFOA	DTXSID40880025	NaPFOA	Cvst	1	1	M8PFOA	0.01	32383.717	0.5	1	4	4357.054	LCMS	Unknown	RT	0.0013454459227148
20220128_PFAS_Clint_Hep12WAX_Sample109	44591	NaPFOA	DTXSID40880025	NaPFOA	Cvst	1	1	M8PFOA	0.01	35425.828	0.5	1	4	136790.391	LCMS	Unknown	RT	0.038613181038422
20220128_PFAS_Clint_Hep12WAX_Sample110	44591	NaPFOA	DTXSID40880025	NaPFOA	Cvst	1	1	M8PFOA	0.01	36948.684	0.5	1	4	129435.016	LCMS	Unknown	RT	0.0350310219438397
20220128_PFAS_Clint_Hep12WAX_Sample111	44591	NaPFOA	DTXSID40880025	NaPFOA	Cvst	1	1	M8PFOA	0.01	26749.365	0.5	1	4	110909.438	LCMS	Unknown	RT	0.0414624563984977
20220128_PFAS_Clint_Hep12WAX_Sample116	44591	NaPFOA	DTXSID40880025	NaPFOA	Cvst	1	1	M8PFOA	0.01	29874.826	0.5	1	4	129675.766	LCMS	Unknown	RT	0.043406366952564
20220128_PFAS_Clint_Hep12WAX_Sample117	44591	NaPFOA	DTXSID40880025	NaPFOA	Cvst	1	1	M8PFOA	0.01	31264.789	0.5	1	4	130485.422	LCMS	Unknown	RT	0.0417355837584575
20220128_PFAS_Clint_Hep12WAX_Sample118	44591	NaPFOA	DTXSID40880025	NaPFOA	Cvst	1	1	M8PFOA	0.01	28807.498	0.5	1	4	137221.641	LCMS	Unknown	RT	0.0476340017449624
20220128_PFAS_Clint_Hep12WAX_Sample003	44590	6:2 monoPAP	DTXSID90558000	6:2 monoPAP	Blank	1	1	M4PFHpA	0.01	32790.992	0.5	1	NA	0.302	LCMS	Unknown	RT	9.20984641147789e-08
20220128_PFAS_Clint_Hep12WAX_Sample004	44590	6:2 monoPAP	DTXSID90558000	6:2 monoPAP	Blank	1	1	M4PFHpA	0.01	29956.625	0.5	1	NA	2.519	LCMS	Unknown	RT	8.40882442531493e-07
20220128_PFAS_Clint_Hep12WAX_Sample050	44591	6:2 monoPAP	DTXSID90558000	6:2 monoPAP	Cvst	1	1	M4PFHpA	0.01	34199.91	0.5	1	0	13.881	LCMS	Unknown	RT	4.05878261083143e-06
20220128_PFAS_Clint_Hep12WAX_Sample051	44591	6:2 monoPAP	DTXSID90558000	6:2 monoPAP	Cvst	1	1	M4PFHpA	0.01	32261.445	0.5	1	0	266.924	LCMS	Unknown	RT	8.27377694954457e-05
20220128_PFAS_Clint_Hep12WAX_Sample052	44591	6:2 monoPAP	DTXSID90558000	6:2 monoPAP	Cvst	1	1	M4PFHpA	0.01	33112.684	0.5	1	0	16.052	LCMS	Unknown	RT	4.84768918158371e-06
20220128_PFAS_Clint_Hep12WAX_Sample057	44591	6:2 monoPAP	DTXSID90558000	6:2 monoPAP	Cvst	1	1	M4PFHpA	0.01	34116.008	0.5	1	0	56.341	LCMS	Unknown	RT	1.65145347603389e-05
20220128_PFAS_Clint_Hep12WAX_Sample058	44591	6:2 monoPAP	DTXSID90558000	6:2 monoPAP	Cvst	1	1	M4PFHpA	0.01	36099.152	0.5	1	0	407.613	LCMS	Unknown	RT	0.000112914840769667
20220128_PFAS_Clint_Hep12WAX_Sample059	44591	6:2 monoPAP	DTXSID90558000	6:2 monoPAP	Cvst	1	1	M4PFHpA	0.01	36398.699	0.5	1	0	60.855	LCMS	Unknown	RT	1.67190041600113e-05
20220128_PFAS_Clint_Hep12WAX_Sample060	44591	6:2 monoPAP	DTXSID90558000	6:2 monoPAP	Cvst	1	1	M4PFHpA	0.01	34068.984	0.5	1	0	211.3	LCMS	Unknown	RT	6.20212214135884e-05
20220128_PFAS_Clint_Hep12WAX_Sample061	44591	6:2 monoPAP	DTXSID90558000	6:2 monoPAP	Cvst	1	1	M4PFHpA	0.01	32640.951	0.5	1	0	13.669	LCMS	Unknown	RT	4.18768436005434e-06
20220128_PFAS_Clint_Hep12WAX_Sample062	44591	6:2 monoPAP	DTXSID90558000	6:2 monoPAP	Cvst	1	1	M4PFHpA	0.01	35512.77	0.5	1	0	11.099	LCMS	Unknown	RT	3.12535462595568e-06
20220128_PFAS_Clint_Hep12WAX_Sample067	44591	6:2 monoPAP	DTXSID90558000	6:2 monoPAP	Cvst	1	1	M4PFHpA	0.01	35803.762	0.5	1	0	0.451	LCMS	Unknown	RT	1.25964416811842e-07
20220128_PFAS_Clint_Hep12WAX_Sample068	44591	6:2 monoPAP	DTXSID90558000	6:2 monoPAP	Cvst	1	1	M4PFHpA	0.01	38394.328	0.5	1	0	8.795	LCMS	Unknown	RT	2.29070293924665e-06
20220128_PFAS_Clint_Hep12WAX_Sample069	44591	6:2 monoPAP	DTXSID90558000	6:2 monoPAP	Cvst	1	1	M4PFHpA	0.01	40164.113	0.5	1	0	3.146	LCMS	Unknown	RT	7.83286313331506e-07
20220128_PFAS_Clint_Hep12WAX_Sample071	44591	6:2 monoPAP	DTXSID90558000	6:2 monoPAP	Cvst	1	1	M4PFHpA	0.01	36687.727	0.5	1	0.25	598.963	LCMS	Unknown	RT	0.00016325977349319
20220128_PFAS_Clint_Hep12WAX_Sample072	44591	6:2 monoPAP	DTXSID90558000	6:2 monoPAP	Cvst	1	1	M4PFHpA	0.01	33752.277	0.5	1	0.25	33.084	LCMS	Unknown	RT	9.80200535803851e-06
20220128_PFAS_Clint_Hep12WAX_Sample073	44591	6:2 monoPAP	DTXSID90558000	6:2 monoPAP	Cvst	1	1	M4PFHpA	0.01	37582.262	0.5	1	0.25	738.381	LCMS	Unknown	RT	0.000196470611587988
20220128_PFAS_Clint_Hep12WAX_Sample074	44591	6:2 monoPAP	DTXSID90558000	6:2 monoPAP	Cvst	1	1	M4PFHpA	0.01	36446.293	0.5	1	0.25	48.7	LCMS	Unknown	RT	1.33621271167413e-05
20220128_PFAS_Clint_Hep12WAX_Sample075	44591	6:2 monoPAP	DTXSID90558000	6:2 monoPAP	Cvst	1	1	M4PFHpA	0.01	35567.094	0.5	1	0.25	21.15	LCMS	Unknown	RT	5.94650774673916e-06
20220128_PFAS_Clint_Hep12WAX_Sample076	44591	6:2 monoPAP	DTXSID90558000	6:2 monoPAP	Cvst	1	1	M4PFHpA	0.01	35284.734	0.5	1	0.25	6.222	LCMS	Unknown	RT	1.76336882687e-06
20220128_PFAS_Clint_Hep12WAX_Sample078	44591	6:2 monoPAP	DTXSID90558000	6:2 monoPAP	Cvst	1	1	M4PFHpA	0.01	36146.996	0.5	1	0.5	871.409	LCMS	Unknown	RT	0.000241073698074385
20220128_PFAS_Clint_Hep12WAX_Sample079	44591	6:2 monoPAP	DTXSID90558000	6:2 monoPAP	Cvst	1	1	M4PFHpA	0.01	36682.977	0.5	1	0.5	343.967	LCMS	Unknown	RT	9.37674714895686e-05
20220128_PFAS_Clint_Hep12WAX_Sample080	44591	6:2 monoPAP	DTXSID90558000	6:2 monoPAP	Cvst	1	1	M4PFHpA	0.01	31956.695	0.5	1	0.5	1446.672	LCMS	Unknown	RT	0.000452697627210824
20220128_PFAS_Clint_Hep12WAX_Sample081	44591	6:2 monoPAP	DTXSID90558000	6:2 monoPAP	Cvst	1	1	M4PFHpA	0.01	36528.77	0.5	1	0.5	126.203	LCMS	Unknown	RT	3.45489322525779e-05
20220128_PFAS_Clint_Hep12WAX_Sample082	44591	6:2 monoPAP	DTXSID90558000	6:2 monoPAP	Cvst	1	1	M4PFHpA	0.01	42811.582	0.5	1	0.5	6.688	LCMS	Unknown	RT	1.56219408103162e-06
20220128_PFAS_Clint_Hep12WAX_Sample083	44591	6:2 monoPAP	DTXSID90558000	6:2 monoPAP	Cvst	1	1	M4PFHpA	0.01	37234.043	0.5	1	0.5	3.308	LCMS	Unknown	RT	8.88434275053074e-07
20220128_PFAS_Clint_Hep12WAX_Sample085	44591	6:2 monoPAP	DTXSID90558000	6:2 monoPAP	Cvst	1	1	M4PFHpA	0.01	36861.742	0.5	1	1	30.579	LCMS	Unknown	RT	8.29559275847571e-06
20220128_PFAS_Clint_Hep12WAX_Sample086	44591	6:2 monoPAP	DTXSID90558000	6:2 monoPAP	Cvst	1	1	M4PFHpA	0.01	35884.957	0.5	1	1	391.906	LCMS	Unknown	RT	0.000109211779186471
20220128_PFAS_Clint_Hep12WAX_Sample087	44591	6:2 monoPAP	DTXSID90558000	6:2 monoPAP	Cvst	1	1	M4PFHpA	0.01	37501.242	0.5	1	1	16.637	LCMS	Unknown	RT	4.43638640021576e-06
20220128_PFAS_Clint_Hep12WAX_Sample088	44591	6:2 monoPAP	DTXSID90558000	6:2 monoPAP	Cvst	1	1	M4PFHpA	0.01	39554.563	0.5	1	1	2.771	LCMS	Unknown	RT	7.00551286586076e-07
20220128_PFAS_Clint_Hep12WAX_Sample089	44591	6:2 monoPAP	DTXSID90558000	6:2 monoPAP	Cvst	1	1	M4PFHpA	0.01	36063.859	0.5	1	1	3.602	LCMS	Unknown	RT	9.98783851722579e-07
20220128_PFAS_Clint_Hep12WAX_Sample090	44591	6:2 monoPAP	DTXSID90558000	6:2 monoPAP	Cvst	1	1	M4PFHpA	0.01	33545.313	0.5	1	1	7.411	LCMS	Unknown	RT	2.20925051437141e-06
20220128_PFAS_Clint_Hep12WAX_Sample092	44591	6:2 monoPAP	DTXSID90558000	6:2 monoPAP	Cvst	1	1	M4PFHpA	0.01	31576.688	0.5	1	2	430.739	LCMS	Unknown	RT	0.000136410443045832
20220128_PFAS_Clint_Hep12WAX_Sample093	44591	6:2 monoPAP	DTXSID90558000	6:2 monoPAP	Cvst	1	1	M4PFHpA	0.01	32585.35	0.5	1	2	29.77	LCMS	Unknown	RT	9.13600743892578e-06
20220128_PFAS_Clint_Hep12WAX_Sample094	44591	6:2 monoPAP	DTXSID90558000	6:2 monoPAP	Cvst	1	1	M4PFHpA	0.01	36246.047	0.5	1	2	405.069	LCMS	Unknown	RT	0.000111755359143026
20220128_PFAS_Clint_Hep12WAX_Sample095	44591	6:2 monoPAP	DTXSID90558000	6:2 monoPAP	Cvst	1	1	M4PFHpA	0.01	42773.938	0.5	1	2	19.522	LCMS	Unknown	RT	4.56399408443525e-06
20220128_PFAS_Clint_Hep12WAX_Sample096	44591	6:2 monoPAP	DTXSID90558000	6:2 monoPAP	Cvst	1	1	M4PFHpA	0.01	43378.781	0.5	1	2	1.485	LCMS	Unknown	RT	3.42333271190816e-07
20220128_PFAS_Clint_Hep12WAX_Sample097	44591	6:2 monoPAP	DTXSID90558000	6:2 monoPAP	Cvst	1	1	M4PFHpA	0.01	33214.922	0.5	1	2	4.741	LCMS	Unknown	RT	1.42737050534094e-06
20220128_PFAS_Clint_Hep12WAX_Sample099	44591	6:2 monoPAP	DTXSID90558000	6:2 monoPAP	Cvst	1	1	M4PFHpA	0.01	36038.531	0.5	1	4	135.849	LCMS	Unknown	RT	3.76954876434891e-05
20220128_PFAS_Clint_Hep12WAX_Sample100	44591	6:2 monoPAP	DTXSID90558000	6:2 monoPAP	Cvst	1	1	M4PFHpA	0.01	35680	0.5	1	4	209.368	LCMS	Unknown	RT	5.86793721973094e-05
20220128_PFAS_Clint_Hep12WAX_Sample101	44591	6:2 monoPAP	DTXSID90558000	6:2 monoPAP	Cvst	1	1	M4PFHpA	0.01	40400.762	0.5	1	4	7.88	LCMS	Unknown	RT	1.95045826115854e-06
20220128_PFAS_Clint_Hep12WAX_Sample106	44591	6:2 monoPAP	DTXSID90558000	6:2 monoPAP	Cvst	1	1	M4PFHpA	0.01	36682.82	0.5	1	4	953.986	LCMS	Unknown	RT	0.000260063430237915
20220128_PFAS_Clint_Hep12WAX_Sample107	44591	6:2 monoPAP	DTXSID90558000	6:2 monoPAP	Cvst	1	1	M4PFHpA	0.01	30411.131	0.5	1	4	341.935	LCMS	Unknown	RT	0.000112437449301047
20220128_PFAS_Clint_Hep12WAX_Sample108	44591	6:2 monoPAP	DTXSID90558000	6:2 monoPAP	Cvst	1	1	M4PFHpA	0.01	36991.246	0.5	1	4	74.986	LCMS	Unknown	RT	2.02712825623662e-05
20220128_PFAS_Clint_Hep12WAX_Sample109	44591	6:2 monoPAP	DTXSID90558000	6:2 monoPAP	Cvst	1	1	M4PFHpA	0.01	37002.543	0.5	1	4	31.154	LCMS	Unknown	RT	8.41942133544713e-06
20220128_PFAS_Clint_Hep12WAX_Sample110	44591	6:2 monoPAP	DTXSID90558000	6:2 monoPAP	Cvst	1	1	M4PFHpA	0.01	41312.652	0.5	1	4	44.509	LCMS	Unknown	RT	1.07736971230992e-05
20220128_PFAS_Clint_Hep12WAX_Sample111	44591	6:2 monoPAP	DTXSID90558000	6:2 monoPAP	Cvst	1	1	M4PFHpA	0.01	31096.396	0.5	1	4	11.833	LCMS	Unknown	RT	3.80526412128274e-06
20220128_PFAS_Clint_Hep12WAX_Sample116	44591	6:2 monoPAP	DTXSID90558000	6:2 monoPAP	Cvst	1	1	M4PFHpA	0.01	35149.574	0.5	1	4	5.181	LCMS	Unknown	RT	1.47398656951006e-06
20220128_PFAS_Clint_Hep12WAX_Sample117	44591	6:2 monoPAP	DTXSID90558000	6:2 monoPAP	Cvst	1	1	M4PFHpA	0.01	37413.066	0.5	1	4	1.965	LCMS	Unknown	RT	5.25217580403595e-07
20220128_PFAS_Clint_Hep12WAX_Sample118	44591	6:2 monoPAP	DTXSID90558000	6:2 monoPAP	Cvst	1	1	M4PFHpA	0.01	32655.543	0.5	1	4	1.27	LCMS	Unknown	RT	3.88907941294989e-07
20220128_PFAS_Clint_Hep12WAX_Sample003	44590	PFPE-5	DTXSID50381073	PFPE-5	Blank	1	1	M6PFDA	0.01	7907.676	0.5	1	NA	3.79	LCMS	Unknown	RT	4.79281144042826e-06
20220128_PFAS_Clint_Hep12WAX_Sample004	44590	PFPE-5	DTXSID50381073	PFPE-5	Blank	1	1	M6PFDA	0.01	7878.446	0.5	1	NA	2.377	LCMS	Unknown	RT	3.01709245706577e-06
20220128_PFAS_Clint_Hep12WAX_Sample050	44591	PFPE-5	DTXSID50381073	PFPE-5	Cvst	1	1	M6PFDA	0.01	10902.349	0.5	1	0	24225.857	LCMS	Unknown	RT	0.022220768203256
20220128_PFAS_Clint_Hep12WAX_Sample051	44591	PFPE-5	DTXSID50381073	PFPE-5	Cvst	1	1	M6PFDA	0.01	13561.155	0.5	1	0	2279.656	LCMS	Unknown	RT	0.0016810190577425
20220128_PFAS_Clint_Hep12WAX_Sample052	44591	PFPE-5	DTXSID50381073	PFPE-5	Cvst	1	1	M6PFDA	0.01	11542.212	0.5	1	0	17869.354	LCMS	Unknown	RT	0.0154817412814805
20220128_PFAS_Clint_Hep12WAX_Sample057	44591	PFPE-5	DTXSID50381073	PFPE-5	Cvst	1	1	M6PFDA	0.01	11555.243	0.5	1	0	15.731	LCMS	Unknown	RT	1.36137336099293e-05
20220128_PFAS_Clint_Hep12WAX_Sample058	44591	PFPE-5	DTXSID50381073	PFPE-5	Cvst	1	1	M6PFDA	0.01	12092.644	0.5	1	0	1.802	LCMS	Unknown	RT	1.49016211839197e-06
20220128_PFAS_Clint_Hep12WAX_Sample059	44591	PFPE-5	DTXSID50381073	PFPE-5	Cvst	1	1	M6PFDA	0.01	11802.265	0.5	1	0	3.339	LCMS	Unknown	RT	2.82911797015234e-06
20220128_PFAS_Clint_Hep12WAX_Sample060	44591	PFPE-5	DTXSID50381073	PFPE-5	Cvst	1	1	M6PFDA	0.01	12353.722	0.5	1	0	156927.547	LCMS	Unknown	RT	0.127028556252116
20220128_PFAS_Clint_Hep12WAX_Sample061	44591	PFPE-5	DTXSID50381073	PFPE-5	Cvst	1	1	M6PFDA	0.01	13006.025	0.5	1	0	158276.094	LCMS	Unknown	RT	0.121694440845685
20220128_PFAS_Clint_Hep12WAX_Sample062	44591	PFPE-5	DTXSID50381073	PFPE-5	Cvst	1	1	M6PFDA	0.01	13945.499	0.5	1	0	181573.875	LCMS	Unknown	RT	0.130202494008999
20220128_PFAS_Clint_Hep12WAX_Sample067	44591	PFPE-5	DTXSID50381073	PFPE-5	Cvst	1	1	M6PFDA	0.01	10398.242	0.5	1	0	79804.469	LCMS	Unknown	RT	0.0767480397167137
20220128_PFAS_Clint_Hep12WAX_Sample068	44591	PFPE-5	DTXSID50381073	PFPE-5	Cvst	1	1	M6PFDA	0.01	12893.346	0.5	1	0	76410.992	LCMS	Unknown	RT	0.0592638962764204
20220128_PFAS_Clint_Hep12WAX_Sample069	44591	PFPE-5	DTXSID50381073	PFPE-5	Cvst	1	1	M6PFDA	0.01	13604.592	0.5	1	0	75465.203	LCMS	Unknown	RT	0.0554703904387577
20220128_PFAS_Clint_Hep12WAX_Sample071	44591	PFPE-5	DTXSID50381073	PFPE-5	Cvst	1	1	M6PFDA	0.01	11554.546	0.5	1	0.25	296.019	LCMS	Unknown	RT	0.000256192670832761
20220128_PFAS_Clint_Hep12WAX_Sample072	44591	PFPE-5	DTXSID50381073	PFPE-5	Cvst	1	1	M6PFDA	0.01	11328.347	0.5	1	0.25	229.219	LCMS	Unknown	RT	0.000202341082948819
20220128_PFAS_Clint_Hep12WAX_Sample073	44591	PFPE-5	DTXSID50381073	PFPE-5	Cvst	1	1	M6PFDA	0.01	11772.775	0.5	1	0.25	43021.715	LCMS	Unknown	RT	0.0365433935499489
20220128_PFAS_Clint_Hep12WAX_Sample074	44591	PFPE-5	DTXSID50381073	PFPE-5	Cvst	1	1	M6PFDA	0.01	11045.458	0.5	1	0.25	24573.508	LCMS	Unknown	RT	0.0222476134534213
20220128_PFAS_Clint_Hep12WAX_Sample075	44591	PFPE-5	DTXSID50381073	PFPE-5	Cvst	1	1	M6PFDA	0.01	11094.655	0.5	1	0.25	25609.16	LCMS	Unknown	RT	0.023082430233297
20220128_PFAS_Clint_Hep12WAX_Sample076	44591	PFPE-5	DTXSID50381073	PFPE-5	Cvst	1	1	M6PFDA	0.01	11114.468	0.5	1	0.25	3.164	LCMS	Unknown	RT	2.84673994292844e-06
20220128_PFAS_Clint_Hep12WAX_Sample078	44591	PFPE-5	DTXSID50381073	PFPE-5	Cvst	1	1	M6PFDA	0.01	12545.652	0.5	1	0.5	353.952	LCMS	Unknown	RT	0.000282131211673973
20220128_PFAS_Clint_Hep12WAX_Sample079	44591	PFPE-5	DTXSID50381073	PFPE-5	Cvst	1	1	M6PFDA	0.01	9320.707	0.5	1	0.5	114.39	LCMS	Unknown	RT	0.000122726741651679
20220128_PFAS_Clint_Hep12WAX_Sample080	44591	PFPE-5	DTXSID50381073	PFPE-5	Cvst	1	1	M6PFDA	0.01	9439.822	0.5	1	0.5	129.724	LCMS	Unknown	RT	0.000137422082746899
20220128_PFAS_Clint_Hep12WAX_Sample081	44591	PFPE-5	DTXSID50381073	PFPE-5	Cvst	1	1	M6PFDA	0.01	11069.373	0.5	1	0.5	39369.617	LCMS	Unknown	RT	0.0355662574564973
20220128_PFAS_Clint_Hep12WAX_Sample082	44591	PFPE-5	DTXSID50381073	PFPE-5	Cvst	1	1	M6PFDA	0.01	10986.005	0.5	1	0.5	40364.531	LCMS	Unknown	RT	0.0367417737384973
20220128_PFAS_Clint_Hep12WAX_Sample083	44591	PFPE-5	DTXSID50381073	PFPE-5	Cvst	1	1	M6PFDA	0.01	11305.595	0.5	1	0.5	42766.617	LCMS	Unknown	RT	0.0378278339176311
20220128_PFAS_Clint_Hep12WAX_Sample085	44591	PFPE-5	DTXSID50381073	PFPE-5	Cvst	1	1	M6PFDA	0.01	13413.478	0.5	1	1	1449.545	LCMS	Unknown	RT	0.00108066304652678
20220128_PFAS_Clint_Hep12WAX_Sample086	44591	PFPE-5	DTXSID50381073	PFPE-5	Cvst	1	1	M6PFDA	0.01	11772.023	0.5	1	1	636.755	LCMS	Unknown	RT	0.000540905331224718
20220128_PFAS_Clint_Hep12WAX_Sample087	44591	PFPE-5	DTXSID50381073	PFPE-5	Cvst	1	1	M6PFDA	0.01	12615.964	0.5	1	1	282.706	LCMS	Unknown	RT	0.00022408592795604
20220128_PFAS_Clint_Hep12WAX_Sample088	44591	PFPE-5	DTXSID50381073	PFPE-5	Cvst	1	1	M6PFDA	0.01	12217.579	0.5	1	1	181385.094	LCMS	Unknown	RT	0.148462386860768
20220128_PFAS_Clint_Hep12WAX_Sample089	44591	PFPE-5	DTXSID50381073	PFPE-5	Cvst	1	1	M6PFDA	0.01	12959.385	0.5	1	1	144024.313	LCMS	Unknown	RT	0.111135144916213
20220128_PFAS_Clint_Hep12WAX_Sample090	44591	PFPE-5	DTXSID50381073	PFPE-5	Cvst	1	1	M6PFDA	0.01	12746.313	0.5	1	1	150546.063	LCMS	Unknown	RT	0.118109498017191
20220128_PFAS_Clint_Hep12WAX_Sample092	44591	PFPE-5	DTXSID50381073	PFPE-5	Cvst	1	1	M6PFDA	0.01	9876.432	0.5	1	2	2557.629	LCMS	Unknown	RT	0.00258962852171715
20220128_PFAS_Clint_Hep12WAX_Sample093	44591	PFPE-5	DTXSID50381073	PFPE-5	Cvst	1	1	M6PFDA	0.01	10436.672	0.5	1	2	887.944	LCMS	Unknown	RT	0.000850792283210587
20220128_PFAS_Clint_Hep12WAX_Sample094	44591	PFPE-5	DTXSID50381073	PFPE-5	Cvst	1	1	M6PFDA	0.01	10549.924	0.5	1	2	1155.208	LCMS	Unknown	RT	0.00109499177434833
20220128_PFAS_Clint_Hep12WAX_Sample095	44591	PFPE-5	DTXSID50381073	PFPE-5	Cvst	1	1	M6PFDA	0.01	12178.593	0.5	1	2	154983.531	LCMS	Unknown	RT	0.12725897893131
20220128_PFAS_Clint_Hep12WAX_Sample096	44591	PFPE-5	DTXSID50381073	PFPE-5	Cvst	1	1	M6PFDA	0.01	10434.901	0.5	1	2	136512.719	LCMS	Unknown	RT	0.13082320474339
20220128_PFAS_Clint_Hep12WAX_Sample097	44591	PFPE-5	DTXSID50381073	PFPE-5	Cvst	1	1	M6PFDA	0.01	11009.681	0.5	1	2	149256.531	LCMS	Unknown	RT	0.135568442900389
20220128_PFAS_Clint_Hep12WAX_Sample099	44591	PFPE-5	DTXSID50381073	PFPE-5	Cvst	1	1	M6PFDA	0.01	11066.666	0.5	1	4	1082.595	LCMS	Unknown	RT	0.000978248552906539
20220128_PFAS_Clint_Hep12WAX_Sample100	44591	PFPE-5	DTXSID50381073	PFPE-5	Cvst	1	1	M6PFDA	0.01	10708.593	0.5	1	4	370.718	LCMS	Unknown	RT	0.000346187402957606
20220128_PFAS_Clint_Hep12WAX_Sample101	44591	PFPE-5	DTXSID50381073	PFPE-5	Cvst	1	1	M6PFDA	0.01	12302.731	0.5	1	4	488.041	LCMS	Unknown	RT	0.000396693222017128
20220128_PFAS_Clint_Hep12WAX_Sample106	44591	PFPE-5	DTXSID50381073	PFPE-5	Cvst	1	1	M6PFDA	0.01	9393.265	0.5	1	4	59.467	LCMS	Unknown	RT	6.33081255559169e-05
20220128_PFAS_Clint_Hep12WAX_Sample107	44591	PFPE-5	DTXSID50381073	PFPE-5	Cvst	1	1	M6PFDA	0.01	8991.95	0.5	1	4	49.967	LCMS	Unknown	RT	5.55685919072059e-05
20220128_PFAS_Clint_Hep12WAX_Sample108	44591	PFPE-5	DTXSID50381073	PFPE-5	Cvst	1	1	M6PFDA	0.01	9008.99	0.5	1	4	50.794	LCMS	Unknown	RT	5.63814589648784e-05
20220128_PFAS_Clint_Hep12WAX_Sample109	44591	PFPE-5	DTXSID50381073	PFPE-5	Cvst	1	1	M6PFDA	0.01	11615.896	0.5	1	4	145538.594	LCMS	Unknown	RT	0.125292611090871
20220128_PFAS_Clint_Hep12WAX_Sample110	44591	PFPE-5	DTXSID50381073	PFPE-5	Cvst	1	1	M6PFDA	0.01	10071.792	0.5	1	4	141339.703	LCMS	Unknown	RT	0.140332229855422
20220128_PFAS_Clint_Hep12WAX_Sample111	44591	PFPE-5	DTXSID50381073	PFPE-5	Cvst	1	1	M6PFDA	0.01	10054.609	0.5	1	4	117195.555	LCMS	Unknown	RT	0.116559037750747
20220128_PFAS_Clint_Hep12WAX_Sample116	44591	PFPE-5	DTXSID50381073	PFPE-5	Cvst	1	1	M6PFDA	0.01	10850.071	0.5	1	4	138387.203	LCMS	Unknown	RT	0.127544974590489
20220128_PFAS_Clint_Hep12WAX_Sample117	44591	PFPE-5	DTXSID50381073	PFPE-5	Cvst	1	1	M6PFDA	0.01	11696.478	0.5	1	4	141241.984	LCMS	Unknown	RT	0.120755995095276
20220128_PFAS_Clint_Hep12WAX_Sample118	44591	PFPE-5	DTXSID50381073	PFPE-5	Cvst	1	1	M6PFDA	0.01	11274.203	0.5	1	4	149787.516	LCMS	Unknown	RT	0.132858629563438
20220128_PFAS_Clint_Hep12WAX_Sample003	44590	11H-PFUnDA	DTXSID5061954	11H-PFUnDA	Blank	1	1	M6PFDA	0.01	7907.676	0.5	1	NA	134.708	LCMS	Unknown	RT	0.000170350934964963
20220128_PFAS_Clint_Hep12WAX_Sample004	44590	11H-PFUnDA	DTXSID5061954	11H-PFUnDA	Blank	1	1	M6PFDA	0.01	7878.446	0.5	1	NA	28.874	LCMS	Unknown	RT	3.66493595310547e-05
20220128_PFAS_Clint_Hep12WAX_Sample050	44591	11H-PFUnDA	DTXSID5061954	11H-PFUnDA	Cvst	1	1	M6PFDA	0.01	10902.349	0.5	1	0	959.883	LCMS	Unknown	RT	0.000880436867320978
20220128_PFAS_Clint_Hep12WAX_Sample051	44591	11H-PFUnDA	DTXSID5061954	11H-PFUnDA	Cvst	1	1	M6PFDA	0.01	13561.155	0.5	1	0	632.824	LCMS	Unknown	RT	0.000466644618397179
20220128_PFAS_Clint_Hep12WAX_Sample052	44591	11H-PFUnDA	DTXSID5061954	11H-PFUnDA	Cvst	1	1	M6PFDA	0.01	11542.212	0.5	1	0	162.837	LCMS	Unknown	RT	0.000141079543505179
20220128_PFAS_Clint_Hep12WAX_Sample057	44591	11H-PFUnDA	DTXSID5061954	11H-PFUnDA	Cvst	1	1	M6PFDA	0.01	11555.243	0.5	1	0	88.944	LCMS	Unknown	RT	7.69728511983694e-05
20220128_PFAS_Clint_Hep12WAX_Sample058	44591	11H-PFUnDA	DTXSID5061954	11H-PFUnDA	Cvst	1	1	M6PFDA	0.01	12092.644	0.5	1	0	13.395	LCMS	Unknown	RT	1.10769820065819e-05
20220128_PFAS_Clint_Hep12WAX_Sample059	44591	11H-PFUnDA	DTXSID5061954	11H-PFUnDA	Cvst	1	1	M6PFDA	0.01	11802.265	0.5	1	0	102.541	LCMS	Unknown	RT	8.68824755248251e-05
20220128_PFAS_Clint_Hep12WAX_Sample060	44591	11H-PFUnDA	DTXSID5061954	11H-PFUnDA	Cvst	1	1	M6PFDA	0.01	12353.722	0.5	1	0	35562.168	LCMS	Unknown	RT	0.0287866021268732
20220128_PFAS_Clint_Hep12WAX_Sample061	44591	11H-PFUnDA	DTXSID5061954	11H-PFUnDA	Cvst	1	1	M6PFDA	0.01	13006.025	0.5	1	0	45780.859	LCMS	Unknown	RT	0.0351997316628255
20220128_PFAS_Clint_Hep12WAX_Sample062	44591	11H-PFUnDA	DTXSID5061954	11H-PFUnDA	Cvst	1	1	M6PFDA	0.01	13945.499	0.5	1	0	38866.828	LCMS	Unknown	RT	0.0278705179355719
20220128_PFAS_Clint_Hep12WAX_Sample067	44591	11H-PFUnDA	DTXSID5061954	11H-PFUnDA	Cvst	1	1	M6PFDA	0.01	10398.242	0.5	1	0	12467.029	LCMS	Unknown	RT	0.0119895545804762
20220128_PFAS_Clint_Hep12WAX_Sample068	44591	11H-PFUnDA	DTXSID5061954	11H-PFUnDA	Cvst	1	1	M6PFDA	0.01	12893.346	0.5	1	0	13740.924	LCMS	Unknown	RT	0.010657376293167
20220128_PFAS_Clint_Hep12WAX_Sample069	44591	11H-PFUnDA	DTXSID5061954	11H-PFUnDA	Cvst	1	1	M6PFDA	0.01	13604.592	0.5	1	0	11517.011	LCMS	Unknown	RT	0.00846553207916856
20220128_PFAS_Clint_Hep12WAX_Sample071	44591	11H-PFUnDA	DTXSID5061954	11H-PFUnDA	Cvst	1	1	M6PFDA	0.01	11554.546	0.5	1	0.25	37.303	LCMS	Unknown	RT	3.22842628347319e-05
20220128_PFAS_Clint_Hep12WAX_Sample072	44591	11H-PFUnDA	DTXSID5061954	11H-PFUnDA	Cvst	1	1	M6PFDA	0.01	11328.347	0.5	1	0.25	17.669	LCMS	Unknown	RT	1.55971564077266e-05
20220128_PFAS_Clint_Hep12WAX_Sample073	44591	11H-PFUnDA	DTXSID5061954	11H-PFUnDA	Cvst	1	1	M6PFDA	0.01	11772.775	0.5	1	0.25	10064.2	LCMS	Unknown	RT	0.00854870665582244
20220128_PFAS_Clint_Hep12WAX_Sample074	44591	11H-PFUnDA	DTXSID5061954	11H-PFUnDA	Cvst	1	1	M6PFDA	0.01	11045.458	0.5	1	0.25	3239.86	LCMS	Unknown	RT	0.00293320566698094
20220128_PFAS_Clint_Hep12WAX_Sample075	44591	11H-PFUnDA	DTXSID5061954	11H-PFUnDA	Cvst	1	1	M6PFDA	0.01	11094.655	0.5	1	0.25	2893.865	LCMS	Unknown	RT	0.00260834158430343
20220128_PFAS_Clint_Hep12WAX_Sample076	44591	11H-PFUnDA	DTXSID5061954	11H-PFUnDA	Cvst	1	1	M6PFDA	0.01	11114.468	0.5	1	0.25	129.818	LCMS	Unknown	RT	0.000116800912108434
20220128_PFAS_Clint_Hep12WAX_Sample078	44591	11H-PFUnDA	DTXSID5061954	11H-PFUnDA	Cvst	1	1	M6PFDA	0.01	12545.652	0.5	1	0.5	7.562	LCMS	Unknown	RT	6.02758629045346e-06
20220128_PFAS_Clint_Hep12WAX_Sample079	44591	11H-PFUnDA	DTXSID5061954	11H-PFUnDA	Cvst	1	1	M6PFDA	0.01	9320.707	0.5	1	0.5	89.614	LCMS	Unknown	RT	9.61450671070338e-05
20220128_PFAS_Clint_Hep12WAX_Sample080	44591	11H-PFUnDA	DTXSID5061954	11H-PFUnDA	Cvst	1	1	M6PFDA	0.01	9439.822	0.5	1	0.5	75.457	LCMS	Unknown	RT	7.99347699564674e-05
20220128_PFAS_Clint_Hep12WAX_Sample081	44591	11H-PFUnDA	DTXSID5061954	11H-PFUnDA	Cvst	1	1	M6PFDA	0.01	11069.373	0.5	1	0.5	5001.879	LCMS	Unknown	RT	0.00451866514932689
20220128_PFAS_Clint_Hep12WAX_Sample082	44591	11H-PFUnDA	DTXSID5061954	11H-PFUnDA	Cvst	1	1	M6PFDA	0.01	10986.005	0.5	1	0.5	5131.497	LCMS	Unknown	RT	0.00467093998227745
20220128_PFAS_Clint_Hep12WAX_Sample083	44591	11H-PFUnDA	DTXSID5061954	11H-PFUnDA	Cvst	1	1	M6PFDA	0.01	11305.595	0.5	1	0.5	4733.908	LCMS	Unknown	RT	0.00418722588240601
20220128_PFAS_Clint_Hep12WAX_Sample085	44591	11H-PFUnDA	DTXSID5061954	11H-PFUnDA	Cvst	1	1	M6PFDA	0.01	13413.478	0.5	1	1	160.498	LCMS	Unknown	RT	0.000119654276094537
20220128_PFAS_Clint_Hep12WAX_Sample086	44591	11H-PFUnDA	DTXSID5061954	11H-PFUnDA	Cvst	1	1	M6PFDA	0.01	11772.023	0.5	1	1	133.586	LCMS	Unknown	RT	0.00011347752208775
20220128_PFAS_Clint_Hep12WAX_Sample087	44591	11H-PFUnDA	DTXSID5061954	11H-PFUnDA	Cvst	1	1	M6PFDA	0.01	12615.964	0.5	1	1	151.062	LCMS	Unknown	RT	0.000119738769070679
20220128_PFAS_Clint_Hep12WAX_Sample088	44591	11H-PFUnDA	DTXSID5061954	11H-PFUnDA	Cvst	1	1	M6PFDA	0.01	12217.579	0.5	1	1	33696.398	LCMS	Unknown	RT	0.0275802579218027
20220128_PFAS_Clint_Hep12WAX_Sample089	44591	11H-PFUnDA	DTXSID5061954	11H-PFUnDA	Cvst	1	1	M6PFDA	0.01	12959.385	0.5	1	1	34256.27	LCMS	Unknown	RT	0.0264335614691592
20220128_PFAS_Clint_Hep12WAX_Sample090	44591	11H-PFUnDA	DTXSID5061954	11H-PFUnDA	Cvst	1	1	M6PFDA	0.01	12746.313	0.5	1	1	28051.586	LCMS	Unknown	RT	0.0220076080039773
20220128_PFAS_Clint_Hep12WAX_Sample092	44591	11H-PFUnDA	DTXSID5061954	11H-PFUnDA	Cvst	1	1	M6PFDA	0.01	9876.432	0.5	1	2	134.09	LCMS	Unknown	RT	0.000135767653743781
20220128_PFAS_Clint_Hep12WAX_Sample093	44591	11H-PFUnDA	DTXSID5061954	11H-PFUnDA	Cvst	1	1	M6PFDA	0.01	10436.672	0.5	1	2	31.188	LCMS	Unknown	RT	2.98830891686545e-05
20220128_PFAS_Clint_Hep12WAX_Sample094	44591	11H-PFUnDA	DTXSID5061954	11H-PFUnDA	Cvst	1	1	M6PFDA	0.01	10549.924	0.5	1	2	158.117	LCMS	Unknown	RT	0.000149875013317631
20220128_PFAS_Clint_Hep12WAX_Sample095	44591	11H-PFUnDA	DTXSID5061954	11H-PFUnDA	Cvst	1	1	M6PFDA	0.01	12178.593	0.5	1	2	26582.781	LCMS	Unknown	RT	0.0218274647982735
20220128_PFAS_Clint_Hep12WAX_Sample096	44591	11H-PFUnDA	DTXSID5061954	11H-PFUnDA	Cvst	1	1	M6PFDA	0.01	10434.901	0.5	1	2	26723.199	LCMS	Unknown	RT	0.0256094418145414
20220128_PFAS_Clint_Hep12WAX_Sample097	44591	11H-PFUnDA	DTXSID5061954	11H-PFUnDA	Cvst	1	1	M6PFDA	0.01	11009.681	0.5	1	2	36458.336	LCMS	Unknown	RT	0.0331147977856942
20220128_PFAS_Clint_Hep12WAX_Sample099	44591	11H-PFUnDA	DTXSID5061954	11H-PFUnDA	Cvst	1	1	M6PFDA	0.01	11066.666	0.5	1	4	231.13	LCMS	Unknown	RT	0.000208852422220025
20220128_PFAS_Clint_Hep12WAX_Sample100	44591	11H-PFUnDA	DTXSID5061954	11H-PFUnDA	Cvst	1	1	M6PFDA	0.01	10708.593	0.5	1	4	38.009	LCMS	Unknown	RT	3.54939252990566e-05
20220128_PFAS_Clint_Hep12WAX_Sample101	44591	11H-PFUnDA	DTXSID5061954	11H-PFUnDA	Cvst	1	1	M6PFDA	0.01	12302.731	0.5	1	4	73.232	LCMS	Unknown	RT	5.95249948974744e-05
20220128_PFAS_Clint_Hep12WAX_Sample106	44591	11H-PFUnDA	DTXSID5061954	11H-PFUnDA	Cvst	1	1	M6PFDA	0.01	9393.265	0.5	1	4	110.151	LCMS	Unknown	RT	0.000117265934688311
20220128_PFAS_Clint_Hep12WAX_Sample107	44591	11H-PFUnDA	DTXSID5061954	11H-PFUnDA	Cvst	1	1	M6PFDA	0.01	8991.95	0.5	1	4	131.41	LCMS	Unknown	RT	0.000146141826856244
20220128_PFAS_Clint_Hep12WAX_Sample108	44591	11H-PFUnDA	DTXSID5061954	11H-PFUnDA	Cvst	1	1	M6PFDA	0.01	9008.99	0.5	1	4	461.188	LCMS	Unknown	RT	0.000511919760150694
20220128_PFAS_Clint_Hep12WAX_Sample109	44591	11H-PFUnDA	DTXSID5061954	11H-PFUnDA	Cvst	1	1	M6PFDA	0.01	11615.896	0.5	1	4	32430.877	LCMS	Unknown	RT	0.0279193933898857
20220128_PFAS_Clint_Hep12WAX_Sample110	44591	11H-PFUnDA	DTXSID5061954	11H-PFUnDA	Cvst	1	1	M6PFDA	0.01	10071.792	0.5	1	4	26262.365	LCMS	Unknown	RT	0.0260751661670535
20220128_PFAS_Clint_Hep12WAX_Sample111	44591	11H-PFUnDA	DTXSID5061954	11H-PFUnDA	Cvst	1	1	M6PFDA	0.01	10054.609	0.5	1	4	24703.008	LCMS	Unknown	RT	0.0245688400215264
20220128_PFAS_Clint_Hep12WAX_Sample116	44591	11H-PFUnDA	DTXSID5061954	11H-PFUnDA	Cvst	1	1	M6PFDA	0.01	10850.071	0.5	1	4	26869.49	LCMS	Unknown	RT	0.0247643448600475
20220128_PFAS_Clint_Hep12WAX_Sample117	44591	11H-PFUnDA	DTXSID5061954	11H-PFUnDA	Cvst	1	1	M6PFDA	0.01	11696.478	0.5	1	4	24696.936	LCMS	Unknown	RT	0.0211148484184726
20220128_PFAS_Clint_Hep12WAX_Sample118	44591	11H-PFUnDA	DTXSID5061954	11H-PFUnDA	Cvst	1	1	M6PFDA	0.01	11274.203	0.5	1	4	27013.143	LCMS	Unknown	RT	0.0239601353638922
